Pregunta,Respuesta esperada
¿Qué tipo de empresa es Colgate-Palmolive?,"Es una empresa global de bienes de consumo dedicada al cuidado personal, del hogar y de mascotas."
¿En qué año fue fundada Colgate?,En 1806.
¿Quién fundó Colgate y dónde comenzó su negocio?,"William Colgate, en Nueva York."
¿Cuál es la misión de Colgate-Palmolive?,"Reimaginar un futuro más saludable para las personas, sus mascotas y el planeta."
¿Cuáles son los valores fundamentales de Colgate-Palmolive?,"Nos cuidamos, somos inclusivos y tenemos valentía."
¿Qué significa 'Somos inclusivos' para Colgate?,Crear un entorno donde todos puedan ser auténticos y pertenecer.
¿Quién es el CEO actual de Colgate-Palmolive?,Noel Wallace.
¿Desde cuándo Noel Wallace ocupa el cargo de CEO?,Desde 2019.
¿Cuál es la estrategia de sustentabilidad 2025?,Crear un futuro más saludable y sostenible para todos.
¿Qué programa social destacado tiene Colgate?,"Sonrisas Brillantes, Futuros Brillantes."
¿Qué producto ofrece Colgate para dientes más blancos?,Colgate Luminous White Glow.
¿Qué ingrediente utiliza Colgate Luminous White Glow para blanquear?,3% de peróxido de hidrógeno.
¿Qué producto recomienda Colgate para la sensibilidad dental?,Colgate Sensitive Pro Alivio Inmediato.
¿Qué beneficios ofrece Colgate Total?,"Protección completa contra caries, placa y mal aliento."
¿Qué línea de productos está diseñada para niños?,Colgate Kids.
¿Qué beneficios ofrece Colgate Plax?,Reduce la placa y mejora el aliento.
¿Qué aviso importante publicó Colgate sobre el producto Total Prevención Activa Clean Mint?,Fue retirado en 2025 por causar irritación temporal en algunos usuarios.
¿Qué producto lanzó Colgate para dientes sensibles a temperaturas extremas?,Colgate Sensitive Pro Alivio Inmediato Xtreme Temperatures.
¿Qué innovación de envase lanzó Colgate en 2019?,El primer tubo de pasta dental reciclable.
¿Qué categoría de productos incluye Colgate?,"Cremas dentales, cepillos, enjuagues y productos blanqueadores."
¿En qué año se introdujo el jabón Palmolive?,En 1898.
¿Qué ingrediente destacaba en el jabón Palmolive original?,Aceite de palma y aceite de oliva.
¿Qué tipo de productos ofrece Palmolive actualmente?,"Jabones, geles de baño y productos de cuidado del hogar."
¿Qué relación tuvo Palmolive con Peet Brothers?,Se fusionaron en 1926 formando Palmolive-Peet Company.
¿Qué tipo de producto es Murphy Oil Soap?,Un limpiador para madera y superficies del hogar.
¿Qué marca antibacteriana pertenece a Colgate-Palmolive?,Protex.
¿Qué productos fabrica Hill’s Pet Nutrition?,Alimentos para mascotas enfocados en nutrición y salud.
¿Qué marcas de cuidado de la piel premium adquirió Colgate?,"PCA Skin, EltaMD y Filorga."
¿Qué caracteriza a la línea Palmolive para el hogar?,Ofrece productos de limpieza eficaces y agradables fragancias.
¿Qué significa la categoría Home & Personal Care en Colgate-Palmolive?,Incluye productos para el cuidado personal y del hogar.
